Sales ,values
,
Mean,230.7690595
Standard Error,6.330139859
Median,54.49
Mode,12.96
Standard Deviation,626.6518748
Sample Variance,392692.5722
Kurtosis,304.4450883
Skewness,12.98348287
Range,22638.036
Minimum,0.444
Maximum,22638.48
Sum,2261536.783
Count,9800
